{
  "main.py": 1775620411.0288901,
  "weblfasr_python3_demo.py": 1775541784.4379106,
  "Ifasr_new.py": 1775543042.5260203,
  "app/__init__.py": 1775534696.2887785,
  "app/config.py": 1775534711.293102,
  "app/models.py": 1775539977.037974,
  "app/db.py": 1775646055.0002284,
  "app/db_postgres.py": 1775619955.9768295,
  "app/routes/__init__.py": 1775534696.3187792,
  "app/routes/health.py": 1775534711.347103,
  "app/routes/process.py": 1775550721.6987026,
  "app/asr/__init__.py": 1775534696.3467798,
  "app/asr/base.py": 1775536415.826827,
  "app/asr/xfyun.py": 1775550550.797014,
  "app/asr/factory.py": 1775536415.8688278,
  "app/llm/__init__.py": 1775534696.3727803,
  "app/llm/base.py": 1775539995.0573623,
  "app/llm/openai_provider.py": 1775539995.138364,
  "app/llm/anthropic_provider.py": 1775539995.1723647,
  "app/llm/ollama_provider.py": 1775539995.2033653,
  "app/llm/factory.py": 1775536439.1193287,
  "app/tasks/__init__.py": 1775534696.4087813,
  "app/tasks/prompts.py": 1775536462.893841,
  "app/services/__init__.py": 1775534696.4337819,
  "app/services/pipeline.py": 1775540006.0345988,
  "app/services/config_service.py": 1775646191.5402284,
  "frontend/vite.config.ts": 1775619913.2088816,
  "frontend/src/App.vue": 1775553131.802758,
  "frontend/src/main.ts": 1775540410.4993107,
  "frontend/src/api.ts": 1775551199.7220201,
  "frontend/src/components/AudioUpload.vue": 1775543616.3373923,
  "frontend/src/components/ResultView.vue": 1775549188.1726036,
  "frontend/src/components/TaskList.vue": 1775549875.8324456,
  "frontend/src/components/HomePage.vue": 1775553131.7827575,
  "frontend/src/components/TranscribePage.vue": 1775549885.389652,
  "api/main.py": 1775619872.2329736,
  "CLAUDE.md": 1775553131.6437545,
  "requirements.txt": 1775619894.1714597,
  "apidoc.md": 1775550191.783265,
  "README.md": 1775620329.60409,
  "DEPLOYMENT.md": 1775620013.9351108,
  "frontend/README.md": 1775540410.4723103,
  "output/agent_\u8ba4\u77e5\u5206\u4eab_20260407_044938.md": 1775551778.425521,
  "frontend/public/favicon.svg": 1775540410.4733102,
  "frontend/public/icons.svg": 1775540410.4743104,
  "frontend/src/assets/hero.png": 1775540410.4973109,
  "frontend/src/assets/vite.svg": 1775540410.4983108
}